,STagg,ST_confagg
0,0.9124349909828557,0.035827913713699366
1,0.15002921313838372,0.02478194519146463
2,0.12454499700118933,0.0398283344955371
3,0.1155979141674323,0.03082275036524966
4,0.13283679973243215,0.03249158871487817
5,0.1533818919106829,0.053522138502017376
