,STagg,ST_confagg
0,0.8876906436329631,0.053497100254315554
1,0.4046543133637645,0.20462132474161285
2,0.3725475586339482,0.1810502550084096
3,0.3499792330135707,0.11596899784399246
4,0.32274057423433333,0.1307262850239383
5,0.4143567544247516,0.037487721175012735
