,STagg,ST_confagg
0,0.9698746942170007,0.03412642325025508
1,0.10775572500042177,0.027597416879128252
2,0.10530464590730498,0.03302599424195623
3,0.10775499114228221,0.027145386834411984
4,0.11934511596118136,0.029203358330555606
5,0.10876891170657882,0.03276779652840082
