,STagg,ST_confagg
0,0.8867870325351866,0.04178237250528306
1,0.2876765923413621,0.07180588459082207
2,0.3074828765006913,0.1285508685010825
3,0.2898084906076793,0.0691114527817197
4,0.27751572257320606,0.07427610311749337
5,0.3642296535712145,0.12329499024584795
