,STagg,ST_confagg
0,0.6734370059183259,0.15495358337547233
1,0.619576298524369,0.17713513910466847
2,0.5826505050149167,0.13779611543902887
3,0.6401140968149814,0.06497718481715889
4,0.5539322149568546,0.12346538081501286
5,0.7818208239192377,0.09611078417779507
