,STagg,ST_confagg
0,0.707901002524248,0.0869416411231574
1,0.6700796521752735,0.09081668198046715
2,0.5668754993149275,0.08199907767568236
3,0.5481387616242073,0.08623357952822884
4,0.5591043789694125,0.06381631769560399
5,0.6235587509850917,0.11487120925632156
