,STagg,ST_confagg
0,0.8450592912069259,0.07735422907107593
1,0.5853415356833981,0.09423864589223317
2,0.5778962484947248,0.12489125358255991
3,0.5998445705706982,0.0975890009893907
4,0.6044478593896153,0.1191959565552368
5,0.5830755154572764,0.12428934010432685
