,STagg,ST_confagg
0,0.7436510095683813,0.09852859266993878
1,0.6113531991622184,0.05994472202842297
2,0.6830739913498555,0.1121498139008698
3,0.6379978778832309,0.08668415213239723
4,0.5916725382351501,0.0646433490162014
5,0.6913011580858477,0.06710999436854381
