,STagg,ST_confagg
0,0.7406066231233425,0.07497557849179118
1,0.5922863564651006,0.04639426409754881
2,0.65229734987492,0.13920655729847323
3,0.6208166659808392,0.07287894819716345
4,0.5622073114938354,0.0615358573865482
5,0.666139542033674,0.09891658105469962
