,STagg,ST_confagg
0,0.8504909806204974,0.06750371084107791
1,0.6295749872751341,0.08960127763590325
2,0.6372815985688485,0.11130828933042765
3,0.6556101252026065,0.09859660668928961
4,0.6314556534167769,0.10392478913019891
5,0.6397829434062041,0.10197109697021957
