,STagg,ST_confagg
0,0.7232503956217478,0.20168121214310988
1,0.63137580684788,0.1784318772327467
2,0.6023883989296639,0.1824562347355618
3,0.6725071291758402,0.101220294161834
4,0.5949898799000436,0.1694447025317385
5,0.8356689125635797,0.06618092515103316
