,STagg,ST_confagg
0,0.6592322874134698,0.10346755630485718
1,0.6192556420164008,0.08957260634102278
2,0.4707156593277892,0.0896504059251536
3,0.4560844057150356,0.09494846826363607
4,0.47218239678367196,0.07643341882681796
5,0.5278927246331945,0.13024989550632238
