statistic,alpha_s,Q0,ln(C1),ln(C2),Tau0,ln(C3)
5%,0.31497681256054444,1.1344402431791192,-4.940920634537758,-4.883809930627772,0.04711549568608425,-2.285659700550693
10%,0.32984502786589487,1.2249201448263607,-4.594977046002322,-4.505955687504562,0.09185257747421467,-1.497749019346032
50%,0.39560121383102764,1.8773024560423235,-1.4739024764316229,-1.3925661520811607,0.41378065477122883,2.524163959971613
90%,0.46817886927617286,3.6529468610446,1.539426523319082,1.5965399772003277,0.8001832684322234,4.248362254521836
95%,0.4824791281367821,4.395499240704737,1.9333968615839807,1.9527071166476082,0.9007178168566782,4.4288478368420385
