statistic,alpha_s,Q0,ln(C1),ln(C2),Tau0,ln(C3)
33.33%,0.3712284025774845,1.5910569856913586,-2.7889083162296533,-2.6555109878221583,0.27877314313456625,1.3963707181902119
50%,0.39560121383102764,1.8773024560423235,-1.4739024764316229,-1.3925661520811607,0.41378065477122883,2.524163959971613
66.67%,0.42147140497670554,2.2953034293778267,-0.2200107550726189,-0.10570186824587591,0.545544394974303,3.336556688990531
