,STagg,ST_confagg
0,0.9348238592451001,0.034877697578278626
1,0.3255538507153565,0.1187187693787309
2,0.22891822593249314,0.08438784449207297
3,0.30714509389965083,0.022589824107388627
4,0.26316668877696414,0.09343113971234249
5,0.27339991546465225,0.08119901438674068
