,STagg,ST_confagg
0,0.8802167035219662,0.03873699599605062
1,0.10861490303696034,0.03961303401620662
2,0.03068338628751242,0.021968983373850146
3,0.0418595196886151,0.030520289619350497
4,0.0582800162832446,0.02850002630983161
5,0.08079914049379393,0.05149464822198553
