,STagg,ST_confagg
0,0.8514499253543184,0.06755028884522193
1,0.24675948030258005,0.0760211091627248
2,0.09278618636375144,0.04553966003411309
3,0.12317819521733515,0.03962633532303701
4,0.11265082536040869,0.052098056669897634
5,0.16421562509475104,0.08413069170359791
