,STagg,ST_confagg
0,0.9470792021573963,0.03546003418688785
1,0.031857872744636244,0.01855146764545545
2,0.021556048614281953,0.010165089337242908
3,0.025151385738214065,0.010613841577227764
4,0.06809314067041515,0.029318476201758505
5,0.022373100979838988,0.008283015959637593
