,STagg,ST_confagg
0,0.43505299283221344,0.07313314105314407
1,0.5368626048495871,0.12511951591453602
2,0.1424599325499171,0.058014502220924476
3,0.17342418066707727,0.08068953140286692
4,0.16710962153844328,0.05364237127737122
5,0.2713998647840278,0.1691850724832149
