,STagg,ST_confagg
0,0.6396323772335933,0.13363745508322894
1,0.2762188182014426,0.1683115472827076
2,0.19377114955668098,0.0845867326751838
3,0.28222945142546846,0.11445698613929203
4,0.3072242457126105,0.05934128914524393
5,0.19619733008366158,0.052796642571007205
