,STagg,ST_confagg
0,0.5316470548017207,0.11488752575497596
1,0.6953124798371523,0.13285264045863054
2,0.27602030690126333,0.08143085245034207
3,0.3014519463481937,0.06552392913163421
4,0.30439189814852946,0.07539682637345196
5,0.3675371556773575,0.1195318125841296
