,STagg,ST_confagg
0,0.6289120659406998,0.14723947871538842
1,0.309642336767096,0.19362245637254946
2,0.24659283582452549,0.10044793490216447
3,0.3495633949056589,0.1327150827247959
4,0.3085898995149281,0.06822943659269126
5,0.23369149156955815,0.06073193118318981
