,STagg,ST_confagg
0,0.7846934315507235,0.03232652096347838
1,0.601591576431298,0.13016122071350125
2,0.49155748860811344,0.11600727354779691
3,0.6686423155250634,0.0462634907730144
4,0.5232131592059384,0.10000622279089934
5,0.6166306224557393,0.13081493821194773
