,STagg,ST_confagg
0,0.415989246933761,0.07843329007205496
1,0.5436770300485745,0.11282037690900952
2,0.10650379960164189,0.04761869840506913
3,0.1287289691988953,0.06635622029583368
4,0.14248399527128897,0.04727922831915522
5,0.2292784273154745,0.14833180962889428
