,STagg,ST_confagg
0,0.5991941755898246,0.13208767076919536
1,0.7051185618833337,0.15299664138653313
2,0.3678685358999716,0.09743171159936179
3,0.40635350447887664,0.08811850622859138
4,0.3937968014404162,0.10880898880537052
5,0.46406619694212853,0.11746875275588495
