,STagg,ST_confagg
0,0.7890841974492628,0.046984012804200184
1,0.5501180605051421,0.08491231783515696
2,0.5045285261465344,0.0906709809238363
3,0.6921150783051386,0.07872445866051786
4,0.5416258232794562,0.07939571345270532
5,0.6492492412132536,0.10523368530618228
