,STagg,ST_confagg
0,0.9594862523343768,0.03773368289159475
1,0.12846974984378928,0.02305191691585972
2,0.12038501518585817,0.02438143440152536
3,0.133303723687097,0.037713089799674825
4,0.13800723682073537,0.024809034553360265
5,0.1333553125666011,0.030386213211687177
