,STagg,ST_confagg
0,0.9627032217987929,0.03379170974501804
1,0.12897043140184528,0.03114618901793432
2,0.11505880853432592,0.031118887368209024
3,0.12422761757082851,0.03663587369386924
4,0.12676690660759363,0.029733262537902375
5,0.12196392684644697,0.031083408136341258
