,STagg,ST_confagg
0,0.9029344277809123,0.06216213653583476
1,0.35195401379687324,0.10153399020797726
2,0.32556214950062223,0.11279886526930069
3,0.3538099048852525,0.13379825367865214
4,0.3168820527492343,0.09185173633107045
5,0.36277637216286657,0.12083315188295617
