,STagg,ST_confagg
0,0.8015896761518987,0.05368577560516885
1,0.5821430410425922,0.08812449922887695
2,0.525747122121953,0.08176770598818282
3,0.5503849453967742,0.10030396232670542
4,0.5382168442860163,0.08078831450361429
5,0.582862542671976,0.057231009582720004
