,STagg,ST_confagg
0,0.8160785327057143,0.0674559583948338
1,0.5718929111075308,0.05112315879460951
2,0.5124864669779943,0.043112109603817485
3,0.5665282406139142,0.07109278629971097
4,0.5565849722940437,0.04610851207820538
5,0.536780725637015,0.06125796739307609
