,STagg,ST_confagg
0,0.83264060232323,0.06915084885901977
1,0.6173578915264959,0.060501163757846234
2,0.5822927733573454,0.047150468455110346
3,0.6437111680351287,0.04972097915248333
4,0.5931181465755037,0.05127658021448757
5,0.5996229805395791,0.06684986498903227
