,STagg,ST_confagg
0,0.7875973999964949,0.04858308409799834
1,0.5229629004455875,0.07447647071718967
2,0.4377325681905194,0.06778433485526007
3,0.4867149039057703,0.08758740276691979
4,0.46634797024995917,0.05828333065712494
5,0.4944837283999072,0.050722519274755254
