,STagg,ST_confagg
0,0.8168571198080196,0.10072777091874838
1,0.7132782515785804,0.04825165789503317
2,0.6748433688534313,0.11483127225298936
3,0.7148077617420139,0.108646634532804
4,0.6339047373897416,0.09025559732063339
5,0.6863477505102816,0.10311543404405024
