,STagg,ST_confagg
0,0.8445698627522767,0.0935390640239124
1,0.7511406568173706,0.06456148224191374
2,0.727654124541251,0.10412628229191817
3,0.750691685628976,0.08526076263769372
4,0.6915155958944821,0.07541407651624474
5,0.7422920749773282,0.07828988355045581
