,STagg,ST_confagg
0,0.9163810205792461,0.05101747072046921
1,0.22023403588513032,0.11959704604228973
2,0.20517840270457843,0.0810481620385574
3,0.2205859204559603,0.10915179563757266
4,0.2132875784378768,0.07322366177437986
5,0.22079900295570676,0.08942021156848894
