,STagg,ST_confagg
0,0.934443246160255,0.031940544356511294
1,0.06323119498176623,0.02480751506065293
2,0.025188466491111082,0.011157417361648695
3,0.03373118808926432,0.013357450087844823
4,0.06620576582342866,0.021844566657868165
5,0.05073186727095267,0.02229264726130163
