,STagg,ST_confagg
0,0.9477077939003895,0.03197401606408854
1,0.063788101977701,0.008427991243556152
2,0.03075496294091855,0.006908815352603911
3,0.04511036300014355,0.012390434122622146
4,0.05420055388004963,0.014104600108076909
5,0.0507894805408569,0.014737351290905363
