,STagg,ST_confagg
0,0.6941024450721646,0.06164752157143453
1,0.3992565054478538,0.15322736531075018
2,0.2697643752464567,0.11532761966163584
3,0.31252178044228196,0.10968864882812637
4,0.3380769991003292,0.1546136882268299
5,0.40214432586865984,0.12514256886321645
