,STagg,ST_confagg
0,0.5288219265419266,0.07444320216550292
1,0.4706532016433336,0.07493188738306894
2,0.15831549820808616,0.033474350526486285
3,0.18924871680968008,0.04769129568123652
4,0.27698485173084453,0.052290659413610524
5,0.2651102406040691,0.08858963854453651
