,STagg,ST_confagg
0,0.6731897772962749,0.08315570283350164
1,0.36233262714716297,0.12000846304708948
2,0.1968447590872751,0.06808749524505149
3,0.24279432622433825,0.07304379426674651
4,0.2945380867168545,0.1205900687198692
5,0.336340124725632,0.1044225215690562
