,STagg,ST_confagg
0,0.5705823417989404,0.0864234983716414
1,0.49520411526986274,0.09242996078415312
2,0.21353115959768904,0.040043089610410504
3,0.24215955787181126,0.05469144604010705
4,0.29789144737944906,0.06948648990534864
5,0.3135621089246684,0.09232499226266219
