,STagg,ST_confagg
0,0.6823826847058942,0.1541973806450545
1,0.4906157515880701,0.12731130359644202
2,0.5222328705981362,0.13323603073767257
3,0.5048667036714415,0.08781544291255652
4,0.43006879553256905,0.0864160208635377
5,0.520811938143113,0.11137115818197192
