,STagg,ST_confagg
0,0.6797673904549938,0.13738891400181225
1,0.48180961761030333,0.14522636609340156
2,0.46455904778723917,0.15036340681572494
3,0.4474419858018057,0.09498049155967583
4,0.4012999814692246,0.08132473251940353
5,0.4828555248512974,0.12678422525736416
